--
-- PostgreSQL database dump
--

-- Dumped from database version 17.5
-- Dumped by pg_dump version 17.5

SET statement_timeout = 0;
SET lock_timeout = 0;
SET idle_in_transaction_session_timeout = 0;
SET transaction_timeout = 0;
SET client_encoding = 'UTF8';
SET standard_conforming_strings = on;
SELECT pg_catalog.set_config('search_path', '', false);
SET check_function_bodies = false;
SET xmloption = content;
SET client_min_messages = warning;
SET row_security = off;

SET default_tablespace = '';

SET default_table_access_method = heap;

--
-- Name: Addresses; Type: TABLE; Schema: public; Owner: doemais
--

CREATE TABLE public."Addresses" (
    "AddressId" bigint NOT NULL,
    "UserId" bigint NOT NULL,
    "Street" text,
    "Complement" text,
    "Neighborhood" text,
    "City" text,
    "State" text,
    "ZipCode" text,
    "IsPrimary" boolean NOT NULL,
    "CreatedAt" timestamp with time zone DEFAULT CURRENT_TIMESTAMP NOT NULL,
    "UpdatedAt" timestamp with time zone DEFAULT '-infinity'::timestamp with time zone
);


ALTER TABLE public."Addresses" OWNER TO doemais;

--
-- Name: Addresses_AddressId_seq; Type: SEQUENCE; Schema: public; Owner: doemais
--

ALTER TABLE public."Addresses" ALTER COLUMN "AddressId" ADD GENERATED BY DEFAULT AS IDENTITY (
    SEQUENCE NAME public."Addresses_AddressId_seq"
    START WITH 1
    INCREMENT BY 1
    NO MINVALUE
    NO MAXVALUE
    CACHE 1
);


--
-- Name: Donations; Type: TABLE; Schema: public; Owner: doemais
--

CREATE TABLE public."Donations" (
    "DonationId" bigint NOT NULL,
    "UserId" bigint NOT NULL,
    "Title" text NOT NULL,
    "Description" text,
    "Quantity" integer,
    "Status" integer NOT NULL,
    "CreatedAt" timestamp with time zone DEFAULT CURRENT_TIMESTAMP NOT NULL,
    "UpdatedAt" timestamp with time zone,
    "Images" text[],
    "Category" text DEFAULT ''::text NOT NULL,
    "AddressSnapshot_City" character varying(80) DEFAULT ''::character varying NOT NULL,
    "AddressSnapshot_Complement" character varying(80),
    "AddressSnapshot_Neighborhood" character varying(80) DEFAULT ''::character varying NOT NULL,
    "AddressSnapshot_State" character varying(2) DEFAULT ''::character varying NOT NULL,
    "AddressSnapshot_Street" character varying(160) DEFAULT ''::character varying NOT NULL,
    "AddressSnapshot_ZipCode" character varying(12) DEFAULT ''::character varying NOT NULL
);


ALTER TABLE public."Donations" OWNER TO doemais;

--
-- Name: Donations_DonationId_seq; Type: SEQUENCE; Schema: public; Owner: doemais
--

ALTER TABLE public."Donations" ALTER COLUMN "DonationId" ADD GENERATED BY DEFAULT AS IDENTITY (
    SEQUENCE NAME public."Donations_DonationId_seq"
    START WITH 1
    INCREMENT BY 1
    NO MINVALUE
    NO MAXVALUE
    CACHE 1
);


--
-- Name: Roles; Type: TABLE; Schema: public; Owner: doemais
--

CREATE TABLE public."Roles" (
    "RoleId" bigint NOT NULL,
    "Name" character varying(50) NOT NULL,
    "CreatedAt" timestamp with time zone DEFAULT CURRENT_TIMESTAMP NOT NULL,
    "UpdatedAt" timestamp with time zone DEFAULT '-infinity'::timestamp with time zone
);


ALTER TABLE public."Roles" OWNER TO doemais;

--
-- Name: Roles_RoleId_seq; Type: SEQUENCE; Schema: public; Owner: doemais
--

ALTER TABLE public."Roles" ALTER COLUMN "RoleId" ADD GENERATED BY DEFAULT AS IDENTITY (
    SEQUENCE NAME public."Roles_RoleId_seq"
    START WITH 1
    INCREMENT BY 1
    NO MINVALUE
    NO MAXVALUE
    CACHE 1
);


--
-- Name: UserRoles; Type: TABLE; Schema: public; Owner: doemais
--

CREATE TABLE public."UserRoles" (
    "UserId" bigint NOT NULL,
    "RoleId" bigint NOT NULL,
    "CreatedAt" timestamp with time zone DEFAULT CURRENT_TIMESTAMP NOT NULL,
    "UpdatedAt" timestamp with time zone DEFAULT '-infinity'::timestamp with time zone
);


ALTER TABLE public."UserRoles" OWNER TO doemais;

--
-- Name: Users; Type: TABLE; Schema: public; Owner: doemais
--

CREATE TABLE public."Users" (
    "UserId" bigint NOT NULL,
    "Name" text NOT NULL,
    "Email" text NOT NULL,
    "Phone" text NOT NULL,
    "Cpf" character varying(11) NOT NULL,
    "PasswordHash" text NOT NULL,
    "AvatarUrl" text,
    "CreatedAt" timestamp with time zone DEFAULT CURRENT_TIMESTAMP NOT NULL,
    "UpdatedAt" timestamp with time zone DEFAULT '-infinity'::timestamp with time zone
);


ALTER TABLE public."Users" OWNER TO doemais;

--
-- Name: Users_UserId_seq; Type: SEQUENCE; Schema: public; Owner: doemais
--

ALTER TABLE public."Users" ALTER COLUMN "UserId" ADD GENERATED BY DEFAULT AS IDENTITY (
    SEQUENCE NAME public."Users_UserId_seq"
    START WITH 1
    INCREMENT BY 1
    NO MINVALUE
    NO MAXVALUE
    CACHE 1
);


--
-- Name: __EFMigrationsHistory; Type: TABLE; Schema: public; Owner: doemais
--

CREATE TABLE public."__EFMigrationsHistory" (
    "MigrationId" character varying(150) NOT NULL,
    "ProductVersion" character varying(32) NOT NULL
);


ALTER TABLE public."__EFMigrationsHistory" OWNER TO doemais;

--
-- Data for Name: Addresses; Type: TABLE DATA; Schema: public; Owner: doemais
--

COPY public."Addresses" ("AddressId", "UserId", "Street", "Complement", "Neighborhood", "City", "State", "ZipCode", "IsPrimary", "CreatedAt", "UpdatedAt") FROM stdin;
2	7	string	string	string	string	string	2	t	2025-07-30 10:07:31.844265-03	2025-08-02 16:13:43.338975-03
5	7	Rua dos Bobos, 0		Vila São João	Guarujá	SP	string	f	2025-08-05 11:44:16.156776-03	2025-08-05 11:44:16.153817-03
6	7	Rua dos Bobos, 0		Vila São João	Guarujá	SP	string	f	2025-08-05 11:47:15.68195-03	2025-08-05 11:47:15.681924-03
7	4	Rua dos Bobos, 0		Vila São João	Guarujá	SP	string	f	2025-08-05 11:53:47.154323-03	2025-08-05 11:53:47.151441-03
8	7	asdasdasd	striang	striasdasdasdng	string	string	string	t	2025-08-05 12:06:19.522922-03	2025-08-05 12:06:19.520844-03
9	7	asdasdasd	striang	striasdasdasdng	string	string	string	t	2025-08-05 12:08:05.863442-03	2025-08-05 12:08:05.859866-03
12	9	Rua Hugo Pascolat 77		Jardim São Caetano	Jaú	SP	17205310	t	2025-08-05 12:26:14.173022-03	2025-08-05 12:26:14.172997-03
1	4	string	string	string	string	string	string	f	2025-07-30 10:07:31.844265-03	2025-08-08 12:27:11.816246-03
10	4	asdasdasd	striang	striasdasdasdng	string	string	string	f	2025-08-05 12:09:50.068296-03	2025-08-08 12:27:11.820182-03
11	4	string	string	string	string	string	string	f	2025-08-05 12:15:46.584619-03	2025-08-08 12:27:11.820242-03
13	4	Main Address	Main	string	string	string	string	t	2025-08-08 12:27:18.038392-03	2025-08-08 12:27:18.037943-03
\.


--
-- Data for Name: Donations; Type: TABLE DATA; Schema: public; Owner: doemais
--

COPY public."Donations" ("DonationId", "UserId", "Title", "Description", "Quantity", "Status", "CreatedAt", "UpdatedAt", "Images", "Category", "AddressSnapshot_City", "AddressSnapshot_Complement", "AddressSnapshot_Neighborhood", "AddressSnapshot_State", "AddressSnapshot_Street", "AddressSnapshot_ZipCode") FROM stdin;
4	7	string111	string111	10	1	2025-08-02 10:08:34.704869-03	2025-08-02 12:08:56.114208-03	{string}			\N				
5	4	Colchão Solteiro	Colchão solteiro usado, boas condições	1	1	2025-08-05 08:47:25.776707-03	2025-08-05 08:47:25.775268-03	{https://shorturl.at/lKGtA}			\N				
7	4	string	string	0	1	2025-08-05 12:17:35.3051-03	2025-08-05 12:17:35.30509-03	{string}			\N				
8	9	TV Samsung	55 polegadas, 4k	1	1	2025-08-05 12:42:48.473659-03	2025-08-05 12:42:48.471397-03	{string}			\N				
9	9	iPod Classic 160GB	Bateria está ruim, precisa ficar ligada sempre na fonte	1	1	2025-08-05 14:31:36.40856-03	2025-08-05 14:31:36.406208-03	{string}			\N				
\.


--
-- Data for Name: Roles; Type: TABLE DATA; Schema: public; Owner: doemais
--

COPY public."Roles" ("RoleId", "Name", "CreatedAt", "UpdatedAt") FROM stdin;
1	Admin	2025-07-29 21:00:00-03	2025-07-29 21:00:00-03
2	Donor	2025-07-29 21:00:00-03	2025-07-29 21:00:00-03
3	Charity	2025-07-29 21:00:00-03	2025-07-29 21:00:00-03
\.


--
-- Data for Name: UserRoles; Type: TABLE DATA; Schema: public; Owner: doemais
--

COPY public."UserRoles" ("UserId", "RoleId", "CreatedAt", "UpdatedAt") FROM stdin;
4	2	2025-07-30 10:07:31.844265-03	-infinity
7	2	2025-07-30 10:07:31.844265-03	-infinity
8	2	2025-08-03 09:47:42.350098-03	2025-08-03 09:47:42.349938-03
9	2	2025-08-05 12:24:18.249618-03	2025-08-05 12:24:18.249433-03
\.


--
-- Data for Name: Users; Type: TABLE DATA; Schema: public; Owner: doemais
--

COPY public."Users" ("UserId", "Name", "Email", "Phone", "Cpf", "PasswordHash", "AvatarUrl", "CreatedAt", "UpdatedAt") FROM stdin;
7	string	user@example.com	26124916150	12345678909	$2a$11$xWklfLaUjkDIAEt17GePd.rw9HmtqTG3udtupT4djsMkb.yx1a8EG	string	2025-07-30 10:07:31.844265-03	-infinity
8	trinaldi	trinaldi@example.com		35208249812	$2a$11$PgXYDC/dxOFdJpw0ofygiOG/m5aCgkD9vov9iklZy5OqgdV9vV1Uq	\N	2025-08-03 09:47:42.349858-03	2025-08-03 09:47:42.348407-03
4	string	trinaldi@doemais.com	55818214185	35208249812	$2a$11$ZkQA6f4x4UswhK4dqSbCzObU/e/Hb8SEQim1zYQWDnNUH8AShGhKS	string	2025-07-30 10:07:31.844265-03	2025-08-05 09:20:31.219612-03
9	Tiago	eu@eu.com		35208249812	$2a$11$/TvImVp1RkwoHrwCyH1YP.q1wsMQ5A0raC2303dS4W46lxHK91w.i	\N	2025-08-05 12:24:18.249427-03	2025-08-05 12:24:18.249145-03
\.


--
-- Data for Name: __EFMigrationsHistory; Type: TABLE DATA; Schema: public; Owner: doemais
--

COPY public."__EFMigrationsHistory" ("MigrationId", "ProductVersion") FROM stdin;
20250712164514_Initial	9.0.7
20250712170624_RemoveSurnameFromUser	9.0.7
20250714143752_AddAvatarUrlToUser	9.0.7
20250721141655_TempMigration	9.0.4
20250721141833_AddRolesToUser	9.0.4
20250722123641_AddAddressEntity	9.0.4
20250722135714_AddCpfVOColumn	9.0.4
20250729142210_AddDonationEntity	9.0.4
20250730130718_AddShadowPropertiesToEntities	9.0.4
20250730130956_MakeUpdatedAtFieldNullable	9.0.4
20250730140043_AdjustMergeDonations	9.0.4
20250730141430_AddDonationAddressRelation	9.0.4
20250812112456_AddCategoryPropertyToDonation	9.0.4
20250813122253_DonationAddressSnapshot	9.0.4
20250814133217_FixDonationAddress	9.0.4
\.


--
-- Name: Addresses_AddressId_seq; Type: SEQUENCE SET; Schema: public; Owner: doemais
--

SELECT pg_catalog.setval('public."Addresses_AddressId_seq"', 13, true);


--
-- Name: Donations_DonationId_seq; Type: SEQUENCE SET; Schema: public; Owner: doemais
--

SELECT pg_catalog.setval('public."Donations_DonationId_seq"', 9, true);


--
-- Name: Roles_RoleId_seq; Type: SEQUENCE SET; Schema: public; Owner: doemais
--

SELECT pg_catalog.setval('public."Roles_RoleId_seq"', 4, false);


--
-- Name: Users_UserId_seq; Type: SEQUENCE SET; Schema: public; Owner: doemais
--

SELECT pg_catalog.setval('public."Users_UserId_seq"', 9, true);


--
-- Name: Addresses PK_Addresses; Type: CONSTRAINT; Schema: public; Owner: doemais
--

ALTER TABLE ONLY public."Addresses"
    ADD CONSTRAINT "PK_Addresses" PRIMARY KEY ("AddressId");


--
-- Name: Donations PK_Donations; Type: CONSTRAINT; Schema: public; Owner: doemais
--

ALTER TABLE ONLY public."Donations"
    ADD CONSTRAINT "PK_Donations" PRIMARY KEY ("DonationId");


--
-- Name: Roles PK_Roles; Type: CONSTRAINT; Schema: public; Owner: doemais
--

ALTER TABLE ONLY public."Roles"
    ADD CONSTRAINT "PK_Roles" PRIMARY KEY ("RoleId");


--
-- Name: UserRoles PK_UserRoles; Type: CONSTRAINT; Schema: public; Owner: doemais
--

ALTER TABLE ONLY public."UserRoles"
    ADD CONSTRAINT "PK_UserRoles" PRIMARY KEY ("UserId", "RoleId");


--
-- Name: Users PK_Users; Type: CONSTRAINT; Schema: public; Owner: doemais
--

ALTER TABLE ONLY public."Users"
    ADD CONSTRAINT "PK_Users" PRIMARY KEY ("UserId");


--
-- Name: __EFMigrationsHistory PK___EFMigrationsHistory; Type: CONSTRAINT; Schema: public; Owner: doemais
--

ALTER TABLE ONLY public."__EFMigrationsHistory"
    ADD CONSTRAINT "PK___EFMigrationsHistory" PRIMARY KEY ("MigrationId");


--
-- Name: IX_Addresses_UserId; Type: INDEX; Schema: public; Owner: doemais
--

CREATE INDEX "IX_Addresses_UserId" ON public."Addresses" USING btree ("UserId");


--
-- Name: IX_Donations_UserId; Type: INDEX; Schema: public; Owner: doemais
--

CREATE INDEX "IX_Donations_UserId" ON public."Donations" USING btree ("UserId");


--
-- Name: IX_UserRoles_RoleId; Type: INDEX; Schema: public; Owner: doemais
--

CREATE INDEX "IX_UserRoles_RoleId" ON public."UserRoles" USING btree ("RoleId");


--
-- Name: Addresses FK_Addresses_Users_UserId; Type: FK CONSTRAINT; Schema: public; Owner: doemais
--

ALTER TABLE ONLY public."Addresses"
    ADD CONSTRAINT "FK_Addresses_Users_UserId" FOREIGN KEY ("UserId") REFERENCES public."Users"("UserId") ON DELETE CASCADE;


--
-- Name: Donations FK_Donations_Users_UserId; Type: FK CONSTRAINT; Schema: public; Owner: doemais
--

ALTER TABLE ONLY public."Donations"
    ADD CONSTRAINT "FK_Donations_Users_UserId" FOREIGN KEY ("UserId") REFERENCES public."Users"("UserId") ON DELETE CASCADE;


--
-- Name: UserRoles FK_UserRoles_Roles_RoleId; Type: FK CONSTRAINT; Schema: public; Owner: doemais
--

ALTER TABLE ONLY public."UserRoles"
    ADD CONSTRAINT "FK_UserRoles_Roles_RoleId" FOREIGN KEY ("RoleId") REFERENCES public."Roles"("RoleId") ON DELETE CASCADE;


--
-- Name: UserRoles FK_UserRoles_Users_UserId; Type: FK CONSTRAINT; Schema: public; Owner: doemais
--

ALTER TABLE ONLY public."UserRoles"
    ADD CONSTRAINT "FK_UserRoles_Users_UserId" FOREIGN KEY ("UserId") REFERENCES public."Users"("UserId") ON DELETE CASCADE;


--
-- Name: SCHEMA public; Type: ACL; Schema: -; Owner: pg_database_owner
--

GRANT ALL ON SCHEMA public TO tiago;
GRANT ALL ON SCHEMA public TO doemais;


--
-- Name: DEFAULT PRIVILEGES FOR TABLES; Type: DEFAULT ACL; Schema: public; Owner: postgres
--

ALTER DEFAULT PRIVILEGES FOR ROLE postgres IN SCHEMA public GRANT ALL ON TABLES TO tiago;
ALTER DEFAULT PRIVILEGES FOR ROLE postgres IN SCHEMA public GRANT ALL ON TABLES TO doemais;


--
-- PostgreSQL database dump complete
--

